{
  "username": "akella",
  "tweets": 71,
  "ownTweets": 9,
  "ownTweetsPercentage": 12.67605633802817,
  "retweets": 30,
  "retweetsPercentage": 42.25352112676057,
  "replies": 32,
  "repliesPercentage": 45.07042253521127,
  "retweeted": 17,
  "retweetedKpi": 1.89,
  "favorited": 109,
  "favoritedKpi": 12.11
}
