{
  "username": "akella",
  "tweets": 239,
  "ownTweets": 29,
  "ownTweetsPercentage": 12.13389121338912,
  "retweets": 100,
  "retweetsPercentage": 41.84100418410041,
  "replies": 110,
  "repliesPercentage": 46.02510460251046,
  "retweeted": 71,
  "retweetedKpi": 2.45,
  "favorited": 587,
  "favoritedKpi": 20.24
}
