{
  "username": "akella",
  "tweets": 220,
  "ownTweets": 24,
  "ownTweetsPercentage": 10.909090909090908,
  "retweets": 97,
  "retweetsPercentage": 44.090909090909086,
  "replies": 99,
  "repliesPercentage": 44.99999999999999,
  "retweeted": 56,
  "retweetedKpi": 2.33,
  "favorited": 475,
  "favoritedKpi": 19.79
}
