{
  "username": "akella",
  "tweets": 152,
  "ownTweets": 17,
  "ownTweetsPercentage": 11.18421052631579,
  "retweets": 60,
  "retweetsPercentage": 39.473684210526315,
  "replies": 75,
  "repliesPercentage": 49.3421052631579,
  "retweeted": 35,
  "retweetedKpi": 2.06,
  "favorited": 222,
  "favoritedKpi": 13.06
}
