{
  "username": "akella",
  "tweets": 316,
  "ownTweets": 94,
  "ownTweetsPercentage": 29.746835443037973,
  "retweets": 106,
  "retweetsPercentage": 33.54430379746835,
  "replies": 116,
  "repliesPercentage": 36.70886075949367,
  "retweeted": 80,
  "retweetedKpi": 0.85,
  "favorited": 612,
  "favoritedKpi": 6.51
}
