{
  "username": "akella",
  "tweets": 375,
  "ownTweets": 118,
  "ownTweetsPercentage": 31.466666666666665,
  "retweets": 124,
  "retweetsPercentage": 33.06666666666667,
  "replies": 133,
  "repliesPercentage": 35.46666666666667,
  "retweeted": 87,
  "retweetedKpi": 0.74,
  "favorited": 652,
  "favoritedKpi": 5.53
}
