{
  "username": "akella",
  "tweets": 161,
  "ownTweets": 17,
  "ownTweetsPercentage": 10.559006211180124,
  "retweets": 66,
  "retweetsPercentage": 40.993788819875775,
  "replies": 78,
  "repliesPercentage": 48.4472049689441,
  "retweeted": 37,
  "retweetedKpi": 2.18,
  "favorited": 228,
  "favoritedKpi": 13.41
}
