{
  "username": "akella",
  "tweets": 202,
  "ownTweets": 21,
  "ownTweetsPercentage": 10.396039603960396,
  "retweets": 94,
  "retweetsPercentage": 46.53465346534654,
  "replies": 87,
  "repliesPercentage": 43.06930693069307,
  "retweeted": 50,
  "retweetedKpi": 2.38,
  "favorited": 373,
  "favoritedKpi": 17.76
}
