{
  "username": "akella",
  "tweets": 310,
  "ownTweets": 91,
  "ownTweetsPercentage": 29.35483870967742,
  "retweets": 103,
  "retweetsPercentage": 33.225806451612904,
  "replies": 116,
  "repliesPercentage": 37.41935483870968,
  "retweeted": 80,
  "retweetedKpi": 0.88,
  "favorited": 615,
  "favoritedKpi": 6.76
}
