{
  "username": "Akurganow",
  "tweets": 215,
  "ownTweets": 88,
  "ownTweetsPercentage": 40.93023255813954,
  "retweets": 110,
  "retweetsPercentage": 51.162790697674424,
  "replies": 17,
  "repliesPercentage": 7.906976744186047,
  "retweeted": 18,
  "retweetedKpi": 0.2,
  "favorited": 56,
  "favoritedKpi": 0.64
}
