{
  "username": "andrey_sitnik",
  "tweets": 410,
  "ownTweets": 229,
  "ownTweetsPercentage": 55.85365853658537,
  "retweets": 65,
  "retweetsPercentage": 15.853658536585368,
  "replies": 116,
  "repliesPercentage": 28.292682926829272,
  "retweeted": 288,
  "retweetedKpi": 1.26,
  "favorited": 1168,
  "favoritedKpi": 5.1
}
