{
  "username": "andrey_sitnik",
  "tweets": 343,
  "ownTweets": 196,
  "ownTweetsPercentage": 57.14285714285714,
  "retweets": 48,
  "retweetsPercentage": 13.994169096209912,
  "replies": 99,
  "repliesPercentage": 28.86297376093294,
  "retweeted": 221,
  "retweetedKpi": 1.13,
  "favorited": 873,
  "favoritedKpi": 4.45
}
