{
  "username": "andrey_sitnik",
  "tweets": 206,
  "ownTweets": 112,
  "ownTweetsPercentage": 54.36893203883495,
  "retweets": 33,
  "retweetsPercentage": 16.019417475728154,
  "replies": 61,
  "repliesPercentage": 29.611650485436893,
  "retweeted": 137,
  "retweetedKpi": 1.22,
  "favorited": 501,
  "favoritedKpi": 4.47
}
