{
  "username": "andrey_sitnik",
  "tweets": 516,
  "ownTweets": 281,
  "ownTweetsPercentage": 54.45736434108527,
  "retweets": 99,
  "retweetsPercentage": 19.186046511627907,
  "replies": 136,
  "repliesPercentage": 26.356589147286822,
  "retweeted": 396,
  "retweetedKpi": 1.41,
  "favorited": 1640,
  "favoritedKpi": 5.84
}
