{
  "username": "andrey_sitnik",
  "tweets": 550,
  "ownTweets": 300,
  "ownTweetsPercentage": 54.54545454545455,
  "retweets": 113,
  "retweetsPercentage": 20.545454545454547,
  "replies": 137,
  "repliesPercentage": 24.90909090909091,
  "retweeted": 436,
  "retweetedKpi": 1.45,
  "favorited": 1768,
  "favoritedKpi": 5.89
}
