{
  "username": "arseniydmitriev",
  "tweets": 396,
  "ownTweets": 206,
  "ownTweetsPercentage": 52.02020202020202,
  "retweets": 95,
  "retweetsPercentage": 23.98989898989899,
  "replies": 95,
  "repliesPercentage": 23.98989898989899,
  "retweeted": 45,
  "retweetedKpi": 0.22,
  "favorited": 446,
  "favoritedKpi": 2.17
}
