{
  "username": "arseniydmitriev",
  "tweets": 440,
  "ownTweets": 220,
  "ownTweetsPercentage": 49.99999999999999,
  "retweets": 116,
  "retweetsPercentage": 26.36363636363636,
  "replies": 104,
  "repliesPercentage": 23.636363636363633,
  "retweeted": 46,
  "retweetedKpi": 0.21,
  "favorited": 455,
  "favoritedKpi": 2.07
}
