{
  "username": "arseniydmitriev",
  "tweets": 190,
  "ownTweets": 132,
  "ownTweetsPercentage": 69.47368421052632,
  "retweets": 11,
  "retweetsPercentage": 5.7894736842105265,
  "replies": 47,
  "repliesPercentage": 24.736842105263158,
  "retweeted": 16,
  "retweetedKpi": 0.12,
  "favorited": 92,
  "favoritedKpi": 0.7
}
