{
  "username": "arseniydmitriev",
  "tweets": 457,
  "ownTweets": 226,
  "ownTweetsPercentage": 49.45295404814004,
  "retweets": 124,
  "retweetsPercentage": 27.133479212253828,
  "replies": 107,
  "repliesPercentage": 23.413566739606125,
  "retweeted": 53,
  "retweetedKpi": 0.23,
  "favorited": 483,
  "favoritedKpi": 2.14
}
