{
  "username": "arseniydmitriev",
  "tweets": 334,
  "ownTweets": 192,
  "ownTweetsPercentage": 57.485029940119766,
  "retweets": 63,
  "retweetsPercentage": 18.862275449101798,
  "replies": 79,
  "repliesPercentage": 23.652694610778443,
  "retweeted": 42,
  "retweetedKpi": 0.22,
  "favorited": 421,
  "favoritedKpi": 2.19
}
