{
  "username": "arseniydmitriev",
  "tweets": 441,
  "ownTweets": 221,
  "ownTweetsPercentage": 50.11337868480725,
  "retweets": 116,
  "retweetsPercentage": 26.303854875283445,
  "replies": 104,
  "repliesPercentage": 23.582766439909296,
  "retweeted": 46,
  "retweetedKpi": 0.21,
  "favorited": 456,
  "favoritedKpi": 2.06
}
