{
  "username": "arseniydmitriev",
  "tweets": 255,
  "ownTweets": 160,
  "ownTweetsPercentage": 62.74509803921569,
  "retweets": 34,
  "retweetsPercentage": 13.333333333333334,
  "replies": 61,
  "repliesPercentage": 23.92156862745098,
  "retweeted": 35,
  "retweetedKpi": 0.22,
  "favorited": 284,
  "favoritedKpi": 1.77
}
