{
  "username": "arseniydmitriev",
  "tweets": 463,
  "ownTweets": 230,
  "ownTweetsPercentage": 49.676025917926566,
  "retweets": 126,
  "retweetsPercentage": 27.213822894168466,
  "replies": 107,
  "repliesPercentage": 23.110151187904968,
  "retweeted": 53,
  "retweetedKpi": 0.23,
  "favorited": 492,
  "favoritedKpi": 2.14
}
