{
  "username": "bizi",
  "tweets": 616,
  "ownTweets": 283,
  "ownTweetsPercentage": 45.94155844155844,
  "retweets": 151,
  "retweetsPercentage": 24.51298701298701,
  "replies": 182,
  "repliesPercentage": 29.545454545454543,
  "retweeted": 59,
  "retweetedKpi": 0.21,
  "favorited": 625,
  "favoritedKpi": 2.21
}
