{
  "username": "bizi",
  "tweets": 690,
  "ownTweets": 311,
  "ownTweetsPercentage": 45.07246376811594,
  "retweets": 171,
  "retweetsPercentage": 24.782608695652172,
  "replies": 208,
  "repliesPercentage": 30.144927536231883,
  "retweeted": 60,
  "retweetedKpi": 0.19,
  "favorited": 680,
  "favoritedKpi": 2.19
}
