{
  "username": "bizi",
  "tweets": 447,
  "ownTweets": 211,
  "ownTweetsPercentage": 47.203579418344525,
  "retweets": 100,
  "retweetsPercentage": 22.371364653243848,
  "replies": 136,
  "repliesPercentage": 30.425055928411634,
  "retweeted": 47,
  "retweetedKpi": 0.22,
  "favorited": 407,
  "favoritedKpi": 1.93
}
