{
  "username": "bizi",
  "tweets": 878,
  "ownTweets": 354,
  "ownTweetsPercentage": 40.31890660592256,
  "retweets": 239,
  "retweetsPercentage": 27.22095671981777,
  "replies": 285,
  "repliesPercentage": 32.46013667425969,
  "retweeted": 65,
  "retweetedKpi": 0.18,
  "favorited": 815,
  "favoritedKpi": 2.3
}
