{
  "username": "bizi",
  "tweets": 379,
  "ownTweets": 193,
  "ownTweetsPercentage": 50.92348284960422,
  "retweets": 73,
  "retweetsPercentage": 19.261213720316622,
  "replies": 113,
  "repliesPercentage": 29.815303430079155,
  "retweeted": 45,
  "retweetedKpi": 0.23,
  "favorited": 302,
  "favoritedKpi": 1.56
}
