{
  "username": "bizi",
  "tweets": 789,
  "ownTweets": 328,
  "ownTweetsPercentage": 41.57160963244613,
  "retweets": 214,
  "retweetsPercentage": 27.122940430925222,
  "replies": 247,
  "repliesPercentage": 31.305449936628644,
  "retweeted": 62,
  "retweetedKpi": 0.19,
  "favorited": 785,
  "favoritedKpi": 2.39
}
