{
  "username": "bizi",
  "tweets": 181,
  "ownTweets": 115,
  "ownTweetsPercentage": 63.53591160220994,
  "retweets": 22,
  "retweetsPercentage": 12.154696132596685,
  "replies": 44,
  "repliesPercentage": 24.30939226519337,
  "retweeted": 28,
  "retweetedKpi": 0.24,
  "favorited": 147,
  "favoritedKpi": 1.28
}
