{
  "username": "delaz",
  "tweets": 381,
  "ownTweets": 104,
  "ownTweetsPercentage": 27.296587926509186,
  "retweets": 170,
  "retweetsPercentage": 44.61942257217848,
  "replies": 107,
  "repliesPercentage": 28.083989501312335,
  "retweeted": 13,
  "retweetedKpi": 0.13,
  "favorited": 97,
  "favoritedKpi": 0.93
}
