{
  "username": "delaz",
  "tweets": 169,
  "ownTweets": 54,
  "ownTweetsPercentage": 31.952662721893493,
  "retweets": 71,
  "retweetsPercentage": 42.01183431952663,
  "replies": 44,
  "repliesPercentage": 26.035502958579883,
  "retweeted": 3,
  "retweetedKpi": 0.06,
  "favorited": 55,
  "favoritedKpi": 1.02
}
