{
  "username": "delaz",
  "tweets": 696,
  "ownTweets": 177,
  "ownTweetsPercentage": 25.43103448275862,
  "retweets": 361,
  "retweetsPercentage": 51.867816091954026,
  "replies": 158,
  "repliesPercentage": 22.701149425287355,
  "retweeted": 31,
  "retweetedKpi": 0.18,
  "favorited": 276,
  "favoritedKpi": 1.56
}
