{
  "username": "delaz",
  "tweets": 145,
  "ownTweets": 50,
  "ownTweetsPercentage": 34.48275862068966,
  "retweets": 61,
  "retweetsPercentage": 42.06896551724138,
  "replies": 34,
  "repliesPercentage": 23.448275862068968,
  "retweeted": 1,
  "retweetedKpi": 0.02,
  "favorited": 47,
  "favoritedKpi": 0.94
}
