{
  "username": "delaz",
  "tweets": 227,
  "ownTweets": 65,
  "ownTweetsPercentage": 28.634361233480178,
  "retweets": 99,
  "retweetsPercentage": 43.61233480176212,
  "replies": 63,
  "repliesPercentage": 27.75330396475771,
  "retweeted": 4,
  "retweetedKpi": 0.06,
  "favorited": 69,
  "favoritedKpi": 1.06
}
