{
  "username": "delaz",
  "tweets": 443,
  "ownTweets": 128,
  "ownTweetsPercentage": 28.893905191873593,
  "retweets": 194,
  "retweetsPercentage": 43.79232505643341,
  "replies": 121,
  "repliesPercentage": 27.313769751693005,
  "retweeted": 20,
  "retweetedKpi": 0.16,
  "favorited": 192,
  "favoritedKpi": 1.5
}
