{
  "username": "delaz",
  "tweets": 272,
  "ownTweets": 82,
  "ownTweetsPercentage": 30.14705882352941,
  "retweets": 117,
  "retweetsPercentage": 43.014705882352935,
  "replies": 73,
  "repliesPercentage": 26.838235294117645,
  "retweeted": 7,
  "retweetedKpi": 0.09,
  "favorited": 83,
  "favoritedKpi": 1.01
}
