{
  "username": "delaz",
  "tweets": 244,
  "ownTweets": 71,
  "ownTweetsPercentage": 29.098360655737707,
  "retweets": 106,
  "retweetsPercentage": 43.442622950819676,
  "replies": 67,
  "repliesPercentage": 27.459016393442624,
  "retweeted": 5,
  "retweetedKpi": 0.07,
  "favorited": 73,
  "favoritedKpi": 1.03
}
