{
  "username": "delaz",
  "tweets": 173,
  "ownTweets": 56,
  "ownTweetsPercentage": 32.369942196531795,
  "retweets": 72,
  "retweetsPercentage": 41.61849710982659,
  "replies": 45,
  "repliesPercentage": 26.01156069364162,
  "retweeted": 3,
  "retweetedKpi": 0.05,
  "favorited": 60,
  "favoritedKpi": 1.07
}
