{
  "username": "delaz",
  "tweets": 337,
  "ownTweets": 98,
  "ownTweetsPercentage": 29.080118694362017,
  "retweets": 146,
  "retweetsPercentage": 43.323442136498514,
  "replies": 93,
  "repliesPercentage": 27.596439169139465,
  "retweeted": 7,
  "retweetedKpi": 0.07,
  "favorited": 89,
  "favoritedKpi": 0.91
}
