{
  "username": "delaz",
  "tweets": 762,
  "ownTweets": 200,
  "ownTweetsPercentage": 26.246719160104988,
  "retweets": 389,
  "retweetsPercentage": 51.049868766404195,
  "replies": 173,
  "repliesPercentage": 22.703412073490814,
  "retweeted": 34,
  "retweetedKpi": 0.17,
  "favorited": 287,
  "favoritedKpi": 1.44
}
