{
  "username": "delaz",
  "tweets": 535,
  "ownTweets": 144,
  "ownTweetsPercentage": 26.915887850467293,
  "retweets": 258,
  "retweetsPercentage": 48.22429906542057,
  "replies": 133,
  "repliesPercentage": 24.85981308411215,
  "retweeted": 22,
  "retweetedKpi": 0.15,
  "favorited": 214,
  "favoritedKpi": 1.49
}
