{
  "username": "delaz",
  "tweets": 144,
  "ownTweets": 50,
  "ownTweetsPercentage": 34.72222222222222,
  "retweets": 61,
  "retweetsPercentage": 42.361111111111114,
  "replies": 33,
  "repliesPercentage": 22.916666666666668,
  "retweeted": 1,
  "retweetedKpi": 0.02,
  "favorited": 47,
  "favoritedKpi": 0.94
}
