{
  "username": "delaz",
  "tweets": 147,
  "ownTweets": 51,
  "ownTweetsPercentage": 34.69387755102041,
  "retweets": 62,
  "retweetsPercentage": 42.17687074829932,
  "replies": 34,
  "repliesPercentage": 23.12925170068027,
  "retweeted": 1,
  "retweetedKpi": 0.02,
  "favorited": 47,
  "favoritedKpi": 0.92
}
