{
  "username": "denisfedosov",
  "tweets": 208,
  "ownTweets": 50,
  "ownTweetsPercentage": 24.038461538461537,
  "retweets": 84,
  "retweetsPercentage": 40.38461538461538,
  "replies": 74,
  "repliesPercentage": 35.57692307692307,
  "retweeted": 27,
  "retweetedKpi": 0.54,
  "favorited": 64,
  "favoritedKpi": 1.28
}
