{
  "username": "denisfedosov",
  "tweets": 217,
  "ownTweets": 53,
  "ownTweetsPercentage": 24.423963133640555,
  "retweets": 88,
  "retweetsPercentage": 40.55299539170507,
  "replies": 76,
  "repliesPercentage": 35.02304147465438,
  "retweeted": 27,
  "retweetedKpi": 0.51,
  "favorited": 70,
  "favoritedKpi": 1.32
}
