{
  "username": "denisfedosov",
  "tweets": 242,
  "ownTweets": 57,
  "ownTweetsPercentage": 23.553719008264462,
  "retweets": 98,
  "retweetsPercentage": 40.49586776859504,
  "replies": 87,
  "repliesPercentage": 35.950413223140494,
  "retweeted": 28,
  "retweetedKpi": 0.49,
  "favorited": 70,
  "favoritedKpi": 1.23
}
