{
  "username": "denisfedosov",
  "tweets": 252,
  "ownTweets": 62,
  "ownTweetsPercentage": 24.603174603174605,
  "retweets": 100,
  "retweetsPercentage": 39.682539682539684,
  "replies": 90,
  "repliesPercentage": 35.714285714285715,
  "retweeted": 30,
  "retweetedKpi": 0.48,
  "favorited": 72,
  "favoritedKpi": 1.16
}
