{
  "username": "denisfedosov",
  "tweets": 253,
  "ownTweets": 63,
  "ownTweetsPercentage": 24.901185770750992,
  "retweets": 100,
  "retweetsPercentage": 39.52569169960475,
  "replies": 90,
  "repliesPercentage": 35.57312252964427,
  "retweeted": 30,
  "retweetedKpi": 0.48,
  "favorited": 72,
  "favoritedKpi": 1.14
}
