{
  "username": "denysdovhan",
  "tweets": 201,
  "ownTweets": 75,
  "ownTweetsPercentage": 37.3134328358209,
  "retweets": 45,
  "retweetsPercentage": 22.38805970149254,
  "replies": 81,
  "repliesPercentage": 40.29850746268657,
  "retweeted": 18,
  "retweetedKpi": 0.24,
  "favorited": 229,
  "favoritedKpi": 3.05
}
