{
  "username": "denysdovhan",
  "tweets": 335,
  "ownTweets": 112,
  "ownTweetsPercentage": 33.43283582089552,
  "retweets": 93,
  "retweetsPercentage": 27.761194029850746,
  "replies": 130,
  "repliesPercentage": 38.80597014925373,
  "retweeted": 26,
  "retweetedKpi": 0.23,
  "favorited": 290,
  "favoritedKpi": 2.59
}
