{
  "username": "denysdovhan",
  "tweets": 462,
  "ownTweets": 157,
  "ownTweetsPercentage": 33.98268398268398,
  "retweets": 134,
  "retweetsPercentage": 29.004329004329005,
  "replies": 171,
  "repliesPercentage": 37.01298701298701,
  "retweeted": 62,
  "retweetedKpi": 0.39,
  "favorited": 349,
  "favoritedKpi": 2.22
}
