{
  "username": "denysdovhan",
  "tweets": 79,
  "ownTweets": 37,
  "ownTweetsPercentage": 46.835443037974684,
  "retweets": 16,
  "retweetsPercentage": 20.253164556962023,
  "replies": 26,
  "repliesPercentage": 32.91139240506329,
  "retweeted": 2,
  "retweetedKpi": 0.05,
  "favorited": 72,
  "favoritedKpi": 1.95
}
