{
  "username": "denysdovhan",
  "tweets": 408,
  "ownTweets": 130,
  "ownTweetsPercentage": 31.862745098039216,
  "retweets": 123,
  "retweetsPercentage": 30.14705882352941,
  "replies": 155,
  "repliesPercentage": 37.990196078431374,
  "retweeted": 27,
  "retweetedKpi": 0.21,
  "favorited": 295,
  "favoritedKpi": 2.27
}
