{
  "username": "denysdovhan",
  "tweets": 406,
  "ownTweets": 129,
  "ownTweetsPercentage": 31.773399014778327,
  "retweets": 123,
  "retweetsPercentage": 30.295566502463057,
  "replies": 154,
  "repliesPercentage": 37.931034482758626,
  "retweeted": 27,
  "retweetedKpi": 0.21,
  "favorited": 295,
  "favoritedKpi": 2.29
}
