{
  "username": "denysdovhan",
  "tweets": 267,
  "ownTweets": 98,
  "ownTweetsPercentage": 36.70411985018727,
  "retweets": 71,
  "retweetsPercentage": 26.59176029962547,
  "replies": 98,
  "repliesPercentage": 36.70411985018727,
  "retweeted": 22,
  "retweetedKpi": 0.22,
  "favorited": 249,
  "favoritedKpi": 2.54
}
