{
  "username": "denysdovhan",
  "tweets": 111,
  "ownTweets": 45,
  "ownTweetsPercentage": 40.54054054054054,
  "retweets": 23,
  "retweetsPercentage": 20.72072072072072,
  "replies": 43,
  "repliesPercentage": 38.73873873873873,
  "retweeted": 4,
  "retweetedKpi": 0.09,
  "favorited": 120,
  "favoritedKpi": 2.67
}
