{
  "username": "denysdovhan",
  "tweets": 459,
  "ownTweets": 157,
  "ownTweetsPercentage": 34.20479302832244,
  "retweets": 133,
  "retweetsPercentage": 28.976034858387802,
  "replies": 169,
  "repliesPercentage": 36.81917211328976,
  "retweeted": 61,
  "retweetedKpi": 0.39,
  "favorited": 338,
  "favoritedKpi": 2.15
}
