{
  "username": "denysdovhan",
  "tweets": 147,
  "ownTweets": 60,
  "ownTweetsPercentage": 40.816326530612244,
  "retweets": 31,
  "retweetsPercentage": 21.08843537414966,
  "replies": 56,
  "repliesPercentage": 38.095238095238095,
  "retweeted": 9,
  "retweetedKpi": 0.15,
  "favorited": 155,
  "favoritedKpi": 2.58
}
