{
  "username": "denysdovhan",
  "tweets": 187,
  "ownTweets": 68,
  "ownTweetsPercentage": 36.36363636363636,
  "retweets": 43,
  "retweetsPercentage": 22.99465240641711,
  "replies": 76,
  "repliesPercentage": 40.64171122994652,
  "retweeted": 11,
  "retweetedKpi": 0.16,
  "favorited": 161,
  "favoritedKpi": 2.37
}
