{
  "username": "denysdovhan",
  "tweets": 580,
  "ownTweets": 200,
  "ownTweetsPercentage": 34.48275862068966,
  "retweets": 167,
  "retweetsPercentage": 28.79310344827586,
  "replies": 213,
  "repliesPercentage": 36.724137931034484,
  "retweeted": 81,
  "retweetedKpi": 0.41,
  "favorited": 394,
  "favoritedKpi": 1.97
}
