{
  "username": "denysdovhan",
  "tweets": 131,
  "ownTweets": 51,
  "ownTweetsPercentage": 38.93129770992366,
  "retweets": 27,
  "retweetsPercentage": 20.610687022900763,
  "replies": 53,
  "repliesPercentage": 40.45801526717557,
  "retweeted": 9,
  "retweetedKpi": 0.18,
  "favorited": 152,
  "favoritedKpi": 2.98
}
