{
  "username": "dshster",
  "tweets": 421,
  "ownTweets": 284,
  "ownTweetsPercentage": 67.458432304038,
  "retweets": 77,
  "retweetsPercentage": 18.28978622327791,
  "replies": 60,
  "repliesPercentage": 14.251781472684085,
  "retweeted": 67,
  "retweetedKpi": 0.24,
  "favorited": 398,
  "favoritedKpi": 1.4
}
