{
  "username": "dshster",
  "tweets": 344,
  "ownTweets": 230,
  "ownTweetsPercentage": 66.86046511627907,
  "retweets": 63,
  "retweetsPercentage": 18.313953488372093,
  "replies": 51,
  "repliesPercentage": 14.825581395348838,
  "retweeted": 56,
  "retweetedKpi": 0.24,
  "favorited": 347,
  "favoritedKpi": 1.51
}
