{
  "username": "dshster",
  "tweets": 146,
  "ownTweets": 100,
  "ownTweetsPercentage": 68.4931506849315,
  "retweets": 22,
  "retweetsPercentage": 15.068493150684931,
  "replies": 24,
  "repliesPercentage": 16.438356164383563,
  "retweeted": 21,
  "retweetedKpi": 0.21,
  "favorited": 142,
  "favoritedKpi": 1.42
}
