{
  "username": "dshster",
  "tweets": 415,
  "ownTweets": 278,
  "ownTweetsPercentage": 66.98795180722891,
  "retweets": 77,
  "retweetsPercentage": 18.55421686746988,
  "replies": 60,
  "repliesPercentage": 14.457831325301203,
  "retweeted": 65,
  "retweetedKpi": 0.23,
  "favorited": 389,
  "favoritedKpi": 1.4
}
