{
  "username": "dshster",
  "tweets": 294,
  "ownTweets": 195,
  "ownTweetsPercentage": 66.3265306122449,
  "retweets": 51,
  "retweetsPercentage": 17.346938775510203,
  "replies": 48,
  "repliesPercentage": 16.3265306122449,
  "retweeted": 47,
  "retweetedKpi": 0.24,
  "favorited": 320,
  "favoritedKpi": 1.64
}
