{
  "username": "dshster",
  "tweets": 225,
  "ownTweets": 159,
  "ownTweetsPercentage": 70.66666666666667,
  "retweets": 32,
  "retweetsPercentage": 14.222222222222221,
  "replies": 34,
  "repliesPercentage": 15.11111111111111,
  "retweeted": 42,
  "retweetedKpi": 0.26,
  "favorited": 270,
  "favoritedKpi": 1.7
}
