{
  "username": "dshster",
  "tweets": 120,
  "ownTweets": 77,
  "ownTweetsPercentage": 64.16666666666667,
  "retweets": 20,
  "retweetsPercentage": 16.666666666666668,
  "replies": 23,
  "repliesPercentage": 19.166666666666668,
  "retweeted": 13,
  "retweetedKpi": 0.17,
  "favorited": 78,
  "favoritedKpi": 1.01
}
