{
  "username": "exdeniz",
  "tweets": 61,
  "ownTweets": 28,
  "ownTweetsPercentage": 45.90163934426229,
  "retweets": 15,
  "retweetsPercentage": 24.59016393442623,
  "replies": 18,
  "repliesPercentage": 29.508196721311474,
  "retweeted": 12,
  "retweetedKpi": 0.43,
  "favorited": 121,
  "favoritedKpi": 4.32
}
