{
  "username": "exdeniz",
  "tweets": 126,
  "ownTweets": 50,
  "ownTweetsPercentage": 39.682539682539684,
  "retweets": 33,
  "retweetsPercentage": 26.19047619047619,
  "replies": 43,
  "repliesPercentage": 34.12698412698413,
  "retweeted": 30,
  "retweetedKpi": 0.6,
  "favorited": 231,
  "favoritedKpi": 4.62
}
