{
  "username": "exdeniz",
  "tweets": 182,
  "ownTweets": 79,
  "ownTweetsPercentage": 43.4065934065934,
  "retweets": 41,
  "retweetsPercentage": 22.527472527472526,
  "replies": 62,
  "repliesPercentage": 34.065934065934066,
  "retweeted": 59,
  "retweetedKpi": 0.75,
  "favorited": 631,
  "favoritedKpi": 7.99
}
