{
  "username": "exdeniz",
  "tweets": 181,
  "ownTweets": 79,
  "ownTweetsPercentage": 43.646408839779006,
  "retweets": 40,
  "retweetsPercentage": 22.099447513812155,
  "replies": 62,
  "repliesPercentage": 34.25414364640884,
  "retweeted": 48,
  "retweetedKpi": 0.61,
  "favorited": 512,
  "favoritedKpi": 6.48
}
