{
  "username": "exdeniz",
  "tweets": 220,
  "ownTweets": 96,
  "ownTweetsPercentage": 43.63636363636363,
  "retweets": 54,
  "retweetsPercentage": 24.545454545454543,
  "replies": 70,
  "repliesPercentage": 31.818181818181817,
  "retweeted": 68,
  "retweetedKpi": 0.71,
  "favorited": 676,
  "favoritedKpi": 7.04
}
