{
  "username": "fliptheweb",
  "tweets": 229,
  "ownTweets": 169,
  "ownTweetsPercentage": 73.79912663755458,
  "retweets": 36,
  "retweetsPercentage": 15.720524017467248,
  "replies": 24,
  "repliesPercentage": 10.480349344978166,
  "retweeted": 48,
  "retweetedKpi": 0.28,
  "favorited": 219,
  "favoritedKpi": 1.3
}
