{
  "username": "fliptheweb",
  "tweets": 282,
  "ownTweets": 213,
  "ownTweetsPercentage": 75.53191489361703,
  "retweets": 42,
  "retweetsPercentage": 14.893617021276597,
  "replies": 27,
  "repliesPercentage": 9.574468085106384,
  "retweeted": 99,
  "retweetedKpi": 0.46,
  "favorited": 650,
  "favoritedKpi": 3.05
}
