{
  "username": "fliptheweb",
  "tweets": 373,
  "ownTweets": 257,
  "ownTweetsPercentage": 68.90080428954424,
  "retweets": 58,
  "retweetsPercentage": 15.549597855227882,
  "replies": 58,
  "repliesPercentage": 15.549597855227882,
  "retweeted": 167,
  "retweetedKpi": 0.65,
  "favorited": 1313,
  "favoritedKpi": 5.11
}
