{
  "username": "fliptheweb",
  "tweets": 302,
  "ownTweets": 227,
  "ownTweetsPercentage": 75.16556291390728,
  "retweets": 45,
  "retweetsPercentage": 14.900662251655628,
  "replies": 30,
  "repliesPercentage": 9.933774834437086,
  "retweeted": 129,
  "retweetedKpi": 0.57,
  "favorited": 855,
  "favoritedKpi": 3.77
}
