{
  "username": "fliptheweb",
  "tweets": 381,
  "ownTweets": 262,
  "ownTweetsPercentage": 68.76640419947506,
  "retweets": 58,
  "retweetsPercentage": 15.223097112860891,
  "replies": 61,
  "repliesPercentage": 16.010498687664043,
  "retweeted": 172,
  "retweetedKpi": 0.66,
  "favorited": 1336,
  "favoritedKpi": 5.1
}
