{
  "username": "fliptheweb",
  "tweets": 230,
  "ownTweets": 170,
  "ownTweetsPercentage": 73.91304347826087,
  "retweets": 36,
  "retweetsPercentage": 15.65217391304348,
  "replies": 24,
  "repliesPercentage": 10.434782608695652,
  "retweeted": 48,
  "retweetedKpi": 0.28,
  "favorited": 221,
  "favoritedKpi": 1.3
}
