{
  "username": "grawlcore",
  "tweets": 459,
  "ownTweets": 312,
  "ownTweetsPercentage": 67.97385620915033,
  "retweets": 119,
  "retweetsPercentage": 25.925925925925927,
  "replies": 28,
  "repliesPercentage": 6.1002178649237475,
  "retweeted": 52,
  "retweetedKpi": 0.17,
  "favorited": 154,
  "favoritedKpi": 0.49
}
