{
  "username": "grawlcore",
  "tweets": 189,
  "ownTweets": 147,
  "ownTweetsPercentage": 77.77777777777779,
  "retweets": 22,
  "retweetsPercentage": 11.640211640211641,
  "replies": 20,
  "repliesPercentage": 10.582010582010582,
  "retweeted": 17,
  "retweetedKpi": 0.12,
  "favorited": 92,
  "favoritedKpi": 0.63
}
