{
  "username": "grawlcore",
  "tweets": 153,
  "ownTweets": 121,
  "ownTweetsPercentage": 79.08496732026144,
  "retweets": 12,
  "retweetsPercentage": 7.8431372549019605,
  "replies": 20,
  "repliesPercentage": 13.071895424836601,
  "retweeted": 17,
  "retweetedKpi": 0.14,
  "favorited": 70,
  "favoritedKpi": 0.58
}
