{
  "username": "grawlcore",
  "tweets": 462,
  "ownTweets": 313,
  "ownTweetsPercentage": 67.74891774891775,
  "retweets": 121,
  "retweetsPercentage": 26.19047619047619,
  "replies": 28,
  "repliesPercentage": 6.0606060606060606,
  "retweeted": 54,
  "retweetedKpi": 0.17,
  "favorited": 157,
  "favoritedKpi": 0.5
}
