{
  "username": "harisov",
  "tweets": 284,
  "ownTweets": 66,
  "ownTweetsPercentage": 23.23943661971831,
  "retweets": 101,
  "retweetsPercentage": 35.563380281690144,
  "replies": 117,
  "repliesPercentage": 41.19718309859155,
  "retweeted": 28,
  "retweetedKpi": 0.42,
  "favorited": 76,
  "favoritedKpi": 1.15
}
