{
  "username": "harisov",
  "tweets": 188,
  "ownTweets": 20,
  "ownTweetsPercentage": 10.638297872340425,
  "retweets": 81,
  "retweetsPercentage": 43.08510638297873,
  "replies": 87,
  "repliesPercentage": 46.276595744680854,
  "retweeted": 16,
  "retweetedKpi": 0.8,
  "favorited": 22,
  "favoritedKpi": 1.1
}
