{
  "username": "harisov",
  "tweets": 255,
  "ownTweets": 41,
  "ownTweetsPercentage": 16.07843137254902,
  "retweets": 101,
  "retweetsPercentage": 39.6078431372549,
  "replies": 113,
  "repliesPercentage": 44.313725490196084,
  "retweeted": 28,
  "retweetedKpi": 0.68,
  "favorited": 49,
  "favoritedKpi": 1.2
}
