{
  "username": "harisov",
  "tweets": 454,
  "ownTweets": 114,
  "ownTweetsPercentage": 25.110132158590307,
  "retweets": 166,
  "retweetsPercentage": 36.563876651982376,
  "replies": 174,
  "repliesPercentage": 38.32599118942731,
  "retweeted": 62,
  "retweetedKpi": 0.54,
  "favorited": 252,
  "favoritedKpi": 2.21
}
