{
  "username": "harisov",
  "tweets": 142,
  "ownTweets": 17,
  "ownTweetsPercentage": 11.971830985915494,
  "retweets": 57,
  "retweetsPercentage": 40.140845070422536,
  "replies": 68,
  "repliesPercentage": 47.887323943661976,
  "retweeted": 16,
  "retweetedKpi": 0.94,
  "favorited": 18,
  "favoritedKpi": 1.06
}
