{
  "username": "harisov",
  "tweets": 367,
  "ownTweets": 97,
  "ownTweetsPercentage": 26.430517711171664,
  "retweets": 131,
  "retweetsPercentage": 35.694822888283376,
  "replies": 139,
  "repliesPercentage": 37.87465940054496,
  "retweeted": 55,
  "retweetedKpi": 0.57,
  "favorited": 214,
  "favoritedKpi": 2.21
}
