{
  "username": "delaz",
  "tweets": 826,
  "ownTweets": 221,
  "ownTweetsPercentage": 26.75544794188862,
  "retweets": 415,
  "retweetsPercentage": 50.24213075060533,
  "replies": 190,
  "repliesPercentage": 23.002421307506054,
  "retweeted": 36,
  "retweetedKpi": 0.16,
  "favorited": 325,
  "favoritedKpi": 1.47
}
