{
  "username": "illinifellow",
  "tweets": 103,
  "ownTweets": 63,
  "ownTweetsPercentage": 61.165048543689316,
  "retweets": 18,
  "retweetsPercentage": 17.475728155339805,
  "replies": 22,
  "repliesPercentage": 21.359223300970875,
  "retweeted": 4,
  "retweetedKpi": 0.06,
  "favorited": 79,
  "favoritedKpi": 1.25
}
