{
  "username": "illinifellow",
  "tweets": 140,
  "ownTweets": 82,
  "ownTweetsPercentage": 58.57142857142858,
  "retweets": 22,
  "retweetsPercentage": 15.714285714285715,
  "replies": 36,
  "repliesPercentage": 25.714285714285715,
  "retweeted": 9,
  "retweetedKpi": 0.11,
  "favorited": 86,
  "favoritedKpi": 1.05
}
