{
  "username": "meuwka",
  "tweets": 37,
  "ownTweets": 13,
  "ownTweetsPercentage": 35.13513513513514,
  "retweets": 10,
  "retweetsPercentage": 27.027027027027028,
  "replies": 14,
  "repliesPercentage": 37.83783783783784,
  "retweeted": 12,
  "retweetedKpi": 0.92,
  "favorited": 8,
  "favoritedKpi": 0.62
}
