{
  "username": "meuwka",
  "tweets": 441,
  "ownTweets": 117,
  "ownTweetsPercentage": 26.53061224489796,
  "retweets": 174,
  "retweetsPercentage": 39.455782312925166,
  "replies": 150,
  "repliesPercentage": 34.01360544217687,
  "retweeted": 58,
  "retweetedKpi": 0.5,
  "favorited": 168,
  "favoritedKpi": 1.44
}
