{
  "username": "meuwka",
  "tweets": 717,
  "ownTweets": 190,
  "ownTweetsPercentage": 26.499302649930264,
  "retweets": 253,
  "retweetsPercentage": 35.28591352859135,
  "replies": 274,
  "repliesPercentage": 38.214783821478385,
  "retweeted": 93,
  "retweetedKpi": 0.49,
  "favorited": 292,
  "favoritedKpi": 1.54
}
