{
  "username": "meuwka",
  "tweets": 35,
  "ownTweets": 13,
  "ownTweetsPercentage": 37.142857142857146,
  "retweets": 10,
  "retweetsPercentage": 28.571428571428573,
  "replies": 12,
  "repliesPercentage": 34.285714285714285,
  "retweeted": 12,
  "retweetedKpi": 0.92,
  "favorited": 8,
  "favoritedKpi": 0.62
}
