{
  "username": "meuwka",
  "tweets": 323,
  "ownTweets": 85,
  "ownTweetsPercentage": 26.315789473684212,
  "retweets": 117,
  "retweetsPercentage": 36.22291021671827,
  "replies": 121,
  "repliesPercentage": 37.461300309597526,
  "retweeted": 38,
  "retweetedKpi": 0.45,
  "favorited": 99,
  "favoritedKpi": 1.16
}
