{
  "username": "meuwka",
  "tweets": 152,
  "ownTweets": 30,
  "ownTweetsPercentage": 19.736842105263158,
  "retweets": 59,
  "retweetsPercentage": 38.81578947368421,
  "replies": 63,
  "repliesPercentage": 41.44736842105263,
  "retweeted": 20,
  "retweetedKpi": 0.67,
  "favorited": 43,
  "favoritedKpi": 1.43
}
