{
  "username": "meuwka",
  "tweets": 42,
  "ownTweets": 15,
  "ownTweetsPercentage": 35.714285714285715,
  "retweets": 12,
  "retweetsPercentage": 28.571428571428573,
  "replies": 15,
  "repliesPercentage": 35.714285714285715,
  "retweeted": 15,
  "retweetedKpi": 1,
  "favorited": 11,
  "favoritedKpi": 0.73
}
