{
  "username": "meuwka",
  "tweets": 763,
  "ownTweets": 202,
  "ownTweetsPercentage": 26.474442988204455,
  "retweets": 269,
  "retweetsPercentage": 35.255570117955436,
  "replies": 292,
  "repliesPercentage": 38.269986893840105,
  "retweeted": 95,
  "retweetedKpi": 0.47,
  "favorited": 318,
  "favoritedKpi": 1.57
}
