{
  "username": "meuwka",
  "tweets": 56,
  "ownTweets": 15,
  "ownTweetsPercentage": 26.785714285714285,
  "retweets": 19,
  "retweetsPercentage": 33.92857142857142,
  "replies": 22,
  "repliesPercentage": 39.285714285714285,
  "retweeted": 15,
  "retweetedKpi": 1,
  "favorited": 13,
  "favoritedKpi": 0.87
}
