{
  "username": "meuwka",
  "tweets": 44,
  "ownTweets": 15,
  "ownTweetsPercentage": 34.09090909090909,
  "retweets": 12,
  "retweetsPercentage": 27.272727272727273,
  "replies": 17,
  "repliesPercentage": 38.63636363636363,
  "retweeted": 15,
  "retweetedKpi": 1,
  "favorited": 11,
  "favoritedKpi": 0.73
}
