{
  "username": "meuwka",
  "tweets": 57,
  "ownTweets": 15,
  "ownTweetsPercentage": 26.315789473684212,
  "retweets": 20,
  "retweetsPercentage": 35.08771929824562,
  "replies": 22,
  "repliesPercentage": 38.59649122807018,
  "retweeted": 15,
  "retweetedKpi": 1,
  "favorited": 13,
  "favoritedKpi": 0.87
}
