{
  "username": "meuwka",
  "tweets": 41,
  "ownTweets": 14,
  "ownTweetsPercentage": 34.146341463414636,
  "retweets": 12,
  "retweetsPercentage": 29.26829268292683,
  "replies": 15,
  "repliesPercentage": 36.58536585365854,
  "retweeted": 15,
  "retweetedKpi": 1.07,
  "favorited": 10,
  "favoritedKpi": 0.71
}
