{
  "username": "meuwka",
  "tweets": 36,
  "ownTweets": 13,
  "ownTweetsPercentage": 36.111111111111114,
  "retweets": 10,
  "retweetsPercentage": 27.77777777777778,
  "replies": 13,
  "repliesPercentage": 36.111111111111114,
  "retweeted": 12,
  "retweetedKpi": 0.92,
  "favorited": 8,
  "favoritedKpi": 0.62
}
