{
  "username": "meuwka",
  "tweets": 49,
  "ownTweets": 15,
  "ownTweetsPercentage": 30.612244897959183,
  "retweets": 12,
  "retweetsPercentage": 24.489795918367346,
  "replies": 22,
  "repliesPercentage": 44.89795918367347,
  "retweeted": 15,
  "retweetedKpi": 1,
  "favorited": 12,
  "favoritedKpi": 0.8
}
