{
  "username": "meuwka",
  "tweets": 39,
  "ownTweets": 13,
  "ownTweetsPercentage": 33.333333333333336,
  "retweets": 11,
  "retweetsPercentage": 28.205128205128204,
  "replies": 15,
  "repliesPercentage": 38.46153846153846,
  "retweeted": 15,
  "retweetedKpi": 1.15,
  "favorited": 9,
  "favoritedKpi": 0.69
}
