{
  "username": "meuwka",
  "tweets": 543,
  "ownTweets": 150,
  "ownTweetsPercentage": 27.624309392265197,
  "retweets": 198,
  "retweetsPercentage": 36.46408839779006,
  "replies": 195,
  "repliesPercentage": 35.91160220994475,
  "retweeted": 71,
  "retweetedKpi": 0.47,
  "favorited": 217,
  "favoritedKpi": 1.45
}
