{
  "username": "meuwka",
  "tweets": 544,
  "ownTweets": 150,
  "ownTweetsPercentage": 27.573529411764703,
  "retweets": 198,
  "retweetsPercentage": 36.397058823529406,
  "replies": 196,
  "repliesPercentage": 36.02941176470588,
  "retweeted": 71,
  "retweetedKpi": 0.47,
  "favorited": 217,
  "favoritedKpi": 1.45
}
