{
  "username": "meuwka",
  "tweets": 30,
  "ownTweets": 13,
  "ownTweetsPercentage": 43.333333333333336,
  "retweets": 7,
  "retweetsPercentage": 23.333333333333336,
  "replies": 10,
  "repliesPercentage": 33.333333333333336,
  "retweeted": 11,
  "retweetedKpi": 0.85,
  "favorited": 8,
  "favoritedKpi": 0.62
}
