{
  "username": "meuwka",
  "tweets": 29,
  "ownTweets": 13,
  "ownTweetsPercentage": 44.827586206896555,
  "retweets": 6,
  "retweetsPercentage": 20.689655172413794,
  "replies": 10,
  "repliesPercentage": 34.48275862068966,
  "retweeted": 10,
  "retweetedKpi": 0.77,
  "favorited": 8,
  "favoritedKpi": 0.62
}
