{
  "username": "meuwka",
  "tweets": 31,
  "ownTweets": 13,
  "ownTweetsPercentage": 41.935483870967744,
  "retweets": 7,
  "retweetsPercentage": 22.580645161290324,
  "replies": 11,
  "repliesPercentage": 35.483870967741936,
  "retweeted": 11,
  "retweetedKpi": 0.85,
  "favorited": 8,
  "favoritedKpi": 0.62
}
