{
  "username": "meuwka",
  "tweets": 639,
  "ownTweets": 167,
  "ownTweetsPercentage": 26.134585289514867,
  "retweets": 236,
  "retweetsPercentage": 36.93270735524257,
  "replies": 236,
  "repliesPercentage": 36.93270735524257,
  "retweeted": 91,
  "retweetedKpi": 0.54,
  "favorited": 270,
  "favoritedKpi": 1.62
}
