{
  "username": "mishcherin",
  "tweets": 136,
  "ownTweets": 89,
  "ownTweetsPercentage": 65.44117647058823,
  "retweets": 24,
  "retweetsPercentage": 17.64705882352941,
  "replies": 23,
  "repliesPercentage": 16.91176470588235,
  "retweeted": 15,
  "retweetedKpi": 0.17,
  "favorited": 47,
  "favoritedKpi": 0.53
}
