{
  "username": "mishcherin",
  "tweets": 431,
  "ownTweets": 217,
  "ownTweetsPercentage": 50.34802784222738,
  "retweets": 102,
  "retweetsPercentage": 23.66589327146172,
  "replies": 112,
  "repliesPercentage": 25.986078886310906,
  "retweeted": 51,
  "retweetedKpi": 0.24,
  "favorited": 295,
  "favoritedKpi": 1.36
}
