{
  "username": "mishcherin",
  "tweets": 651,
  "ownTweets": 318,
  "ownTweetsPercentage": 48.84792626728111,
  "retweets": 157,
  "retweetsPercentage": 24.116743471582183,
  "replies": 176,
  "repliesPercentage": 27.035330261136714,
  "retweeted": 83,
  "retweetedKpi": 0.26,
  "favorited": 706,
  "favoritedKpi": 2.22
}
