{
  "username": "mishcherin",
  "tweets": 718,
  "ownTweets": 366,
  "ownTweetsPercentage": 50.97493036211699,
  "retweets": 173,
  "retweetsPercentage": 24.094707520891365,
  "replies": 179,
  "repliesPercentage": 24.930362116991645,
  "retweeted": 101,
  "retweetedKpi": 0.28,
  "favorited": 945,
  "favoritedKpi": 2.58
}
