{
  "username": "mishcherin",
  "tweets": 562,
  "ownTweets": 282,
  "ownTweetsPercentage": 50.1779359430605,
  "retweets": 132,
  "retweetsPercentage": 23.487544483985765,
  "replies": 148,
  "repliesPercentage": 26.334519572953734,
  "retweeted": 65,
  "retweetedKpi": 0.23,
  "favorited": 494,
  "favoritedKpi": 1.75
}
