{
  "username": "mishcherin",
  "tweets": 280,
  "ownTweets": 155,
  "ownTweetsPercentage": 55.35714285714286,
  "retweets": 71,
  "retweetsPercentage": 25.357142857142858,
  "replies": 54,
  "repliesPercentage": 19.28571428571429,
  "retweeted": 34,
  "retweetedKpi": 0.22,
  "favorited": 178,
  "favoritedKpi": 1.15
}
