{
  "username": "mishcherin",
  "tweets": 431,
  "ownTweets": 217,
  "ownTweetsPercentage": 50.34802784222738,
  "retweets": 102,
  "retweetsPercentage": 23.66589327146172,
  "replies": 112,
  "repliesPercentage": 25.986078886310906,
  "retweeted": 49,
  "retweetedKpi": 0.23,
  "favorited": 285,
  "favoritedKpi": 1.31
}
