{
  "username": "mr_skriming",
  "tweets": 377,
  "ownTweets": 103,
  "ownTweetsPercentage": 27.320954907161802,
  "retweets": 178,
  "retweetsPercentage": 47.214854111405835,
  "replies": 96,
  "repliesPercentage": 25.46419098143236,
  "retweeted": 15,
  "retweetedKpi": 0.15,
  "favorited": 54,
  "favoritedKpi": 0.52
}
