{
  "username": "mr_skriming",
  "tweets": 341,
  "ownTweets": 93,
  "ownTweetsPercentage": 27.27272727272727,
  "retweets": 157,
  "retweetsPercentage": 46.04105571847507,
  "replies": 91,
  "repliesPercentage": 26.68621700879765,
  "retweeted": 14,
  "retweetedKpi": 0.15,
  "favorited": 52,
  "favoritedKpi": 0.56
}
