{
  "username": "mr_skriming",
  "tweets": 231,
  "ownTweets": 66,
  "ownTweetsPercentage": 28.57142857142857,
  "retweets": 104,
  "retweetsPercentage": 45.02164502164502,
  "replies": 61,
  "repliesPercentage": 26.406926406926406,
  "retweeted": 13,
  "retweetedKpi": 0.2,
  "favorited": 38,
  "favoritedKpi": 0.58
}
