{
  "username": "mr_skriming",
  "tweets": 345,
  "ownTweets": 95,
  "ownTweetsPercentage": 27.53623188405797,
  "retweets": 158,
  "retweetsPercentage": 45.79710144927536,
  "replies": 92,
  "repliesPercentage": 26.666666666666664,
  "retweeted": 15,
  "retweetedKpi": 0.16,
  "favorited": 54,
  "favoritedKpi": 0.57
}
