{
  "username": "mr_skriming",
  "tweets": 324,
  "ownTweets": 92,
  "ownTweetsPercentage": 28.39506172839506,
  "retweets": 147,
  "retweetsPercentage": 45.37037037037037,
  "replies": 85,
  "repliesPercentage": 26.234567901234566,
  "retweeted": 14,
  "retweetedKpi": 0.15,
  "favorited": 52,
  "favoritedKpi": 0.57
}
