{
  "username": "mr_skriming",
  "tweets": 382,
  "ownTweets": 104,
  "ownTweetsPercentage": 27.225130890052355,
  "retweets": 182,
  "retweetsPercentage": 47.64397905759162,
  "replies": 96,
  "repliesPercentage": 25.130890052356023,
  "retweeted": 15,
  "retweetedKpi": 0.14,
  "favorited": 55,
  "favoritedKpi": 0.53
}
