{
  "username": "SelenIT2",
  "tweets": 82,
  "ownTweets": 19,
  "ownTweetsPercentage": 23.170731707317074,
  "retweets": 28,
  "retweetsPercentage": 34.146341463414636,
  "replies": 35,
  "repliesPercentage": 42.6829268292683,
  "retweeted": 5,
  "retweetedKpi": 0.26,
  "favorited": 27,
  "favoritedKpi": 1.42
}
