{
  "username": "SelenIT2",
  "tweets": 66,
  "ownTweets": 12,
  "ownTweetsPercentage": 18.18181818181818,
  "retweets": 28,
  "retweetsPercentage": 42.42424242424242,
  "replies": 26,
  "repliesPercentage": 39.39393939393939,
  "retweeted": 3,
  "retweetedKpi": 0.25,
  "favorited": 23,
  "favoritedKpi": 1.92
}
