{
  "username": "talgautb",
  "tweets": 488,
  "ownTweets": 317,
  "ownTweetsPercentage": 64.95901639344262,
  "retweets": 127,
  "retweetsPercentage": 26.024590163934427,
  "replies": 44,
  "repliesPercentage": 9.01639344262295,
  "retweeted": 60,
  "retweetedKpi": 0.19,
  "favorited": 493,
  "favoritedKpi": 1.56
}
