{
  "username": "talgautb",
  "tweets": 609,
  "ownTweets": 382,
  "ownTweetsPercentage": 62.725779967159276,
  "retweets": 174,
  "retweetsPercentage": 28.571428571428573,
  "replies": 53,
  "repliesPercentage": 8.70279146141215,
  "retweeted": 69,
  "retweetedKpi": 0.18,
  "favorited": 568,
  "favoritedKpi": 1.49
}
