{
  "username": "talgautb",
  "tweets": 330,
  "ownTweets": 221,
  "ownTweetsPercentage": 66.96969696969697,
  "retweets": 75,
  "retweetsPercentage": 22.72727272727273,
  "replies": 34,
  "repliesPercentage": 10.303030303030303,
  "retweeted": 45,
  "retweetedKpi": 0.2,
  "favorited": 352,
  "favoritedKpi": 1.59
}
