{
  "username": "talgautb",
  "tweets": 489,
  "ownTweets": 318,
  "ownTweetsPercentage": 65.03067484662577,
  "retweets": 127,
  "retweetsPercentage": 25.971370143149286,
  "replies": 44,
  "repliesPercentage": 8.997955010224949,
  "retweeted": 60,
  "retweetedKpi": 0.19,
  "favorited": 496,
  "favoritedKpi": 1.56
}
