{
  "username": "talgautb",
  "tweets": 329,
  "ownTweets": 220,
  "ownTweetsPercentage": 66.8693009118541,
  "retweets": 75,
  "retweetsPercentage": 22.796352583586625,
  "replies": 34,
  "repliesPercentage": 10.33434650455927,
  "retweeted": 45,
  "retweetedKpi": 0.2,
  "favorited": 351,
  "favoritedKpi": 1.6
}
