{
  "username": "talgautb",
  "tweets": 790,
  "ownTweets": 464,
  "ownTweetsPercentage": 58.734177215189874,
  "retweets": 257,
  "retweetsPercentage": 32.53164556962025,
  "replies": 69,
  "repliesPercentage": 8.734177215189874,
  "retweeted": 76,
  "retweetedKpi": 0.16,
  "favorited": 673,
  "favoritedKpi": 1.45
}
