{
  "username": "talgautb",
  "tweets": 156,
  "ownTweets": 131,
  "ownTweetsPercentage": 83.97435897435898,
  "retweets": 11,
  "retweetsPercentage": 7.051282051282051,
  "replies": 14,
  "repliesPercentage": 8.974358974358974,
  "retweeted": 16,
  "retweetedKpi": 0.12,
  "favorited": 102,
  "favoritedKpi": 0.78
}
