{
  "username": "talgautb",
  "tweets": 486,
  "ownTweets": 316,
  "ownTweetsPercentage": 65.02057613168724,
  "retweets": 126,
  "retweetsPercentage": 25.925925925925924,
  "replies": 44,
  "repliesPercentage": 9.05349794238683,
  "retweeted": 60,
  "retweetedKpi": 0.19,
  "favorited": 493,
  "favoritedKpi": 1.56
}
