{
  "username": "talgautb",
  "tweets": 204,
  "ownTweets": 156,
  "ownTweetsPercentage": 76.47058823529412,
  "retweets": 28,
  "retweetsPercentage": 13.72549019607843,
  "replies": 20,
  "repliesPercentage": 9.803921568627452,
  "retweeted": 28,
  "retweetedKpi": 0.18,
  "favorited": 271,
  "favoritedKpi": 1.74
}
