{
  "username": "talgautb",
  "tweets": 491,
  "ownTweets": 319,
  "ownTweetsPercentage": 64.96945010183299,
  "retweets": 128,
  "retweetsPercentage": 26.069246435845212,
  "replies": 44,
  "repliesPercentage": 8.961303462321792,
  "retweeted": 60,
  "retweetedKpi": 0.19,
  "favorited": 497,
  "favoritedKpi": 1.56
}
