{
  "username": "talgautb",
  "tweets": 145,
  "ownTweets": 124,
  "ownTweetsPercentage": 85.51724137931035,
  "retweets": 9,
  "retweetsPercentage": 6.206896551724138,
  "replies": 12,
  "repliesPercentage": 8.275862068965518,
  "retweeted": 14,
  "retweetedKpi": 0.11,
  "favorited": 89,
  "favoritedKpi": 0.72
}
