{
  "username": "talgautb",
  "tweets": 487,
  "ownTweets": 316,
  "ownTweetsPercentage": 64.8870636550308,
  "retweets": 127,
  "retweetsPercentage": 26.078028747433265,
  "replies": 44,
  "repliesPercentage": 9.034907597535934,
  "retweeted": 60,
  "retweetedKpi": 0.19,
  "favorited": 493,
  "favoritedKpi": 1.56
}
