{
  "username": "vafelman",
  "tweets": 187,
  "ownTweets": 72,
  "ownTweetsPercentage": 38.50267379679144,
  "retweets": 53,
  "retweetsPercentage": 28.34224598930481,
  "replies": 62,
  "repliesPercentage": 33.155080213903744,
  "retweeted": 7,
  "retweetedKpi": 0.1,
  "favorited": 111,
  "favoritedKpi": 1.54
}
