{
  "username": "vafelman",
  "tweets": 214,
  "ownTweets": 84,
  "ownTweetsPercentage": 39.25233644859813,
  "retweets": 59,
  "retweetsPercentage": 27.570093457943923,
  "replies": 71,
  "repliesPercentage": 33.177570093457945,
  "retweeted": 11,
  "retweetedKpi": 0.13,
  "favorited": 166,
  "favoritedKpi": 1.98
}
