{
  "username": "vafelman",
  "tweets": 132,
  "ownTweets": 51,
  "ownTweetsPercentage": 38.63636363636363,
  "retweets": 39,
  "retweetsPercentage": 29.545454545454543,
  "replies": 42,
  "repliesPercentage": 31.818181818181817,
  "retweeted": 6,
  "retweetedKpi": 0.12,
  "favorited": 96,
  "favoritedKpi": 1.88
}
