{
  "username": "vafelman",
  "tweets": 258,
  "ownTweets": 106,
  "ownTweetsPercentage": 41.08527131782946,
  "retweets": 67,
  "retweetsPercentage": 25.968992248062015,
  "replies": 85,
  "repliesPercentage": 32.945736434108525,
  "retweeted": 11,
  "retweetedKpi": 0.1,
  "favorited": 219,
  "favoritedKpi": 2.07
}
