{
  "username": "vdv73rus",
  "tweets": 315,
  "ownTweets": 76,
  "ownTweetsPercentage": 24.126984126984127,
  "retweets": 197,
  "retweetsPercentage": 62.539682539682545,
  "replies": 42,
  "repliesPercentage": 13.333333333333334,
  "retweeted": 62,
  "retweetedKpi": 0.82,
  "favorited": 170,
  "favoritedKpi": 2.24
}
