{
  "username": "vdv73rus",
  "tweets": 282,
  "ownTweets": 68,
  "ownTweetsPercentage": 24.113475177304966,
  "retweets": 173,
  "retweetsPercentage": 61.347517730496456,
  "replies": 41,
  "repliesPercentage": 14.539007092198583,
  "retweeted": 56,
  "retweetedKpi": 0.82,
  "favorited": 131,
  "favoritedKpi": 1.93
}
