{
  "username": "vdv73rus",
  "tweets": 169,
  "ownTweets": 54,
  "ownTweetsPercentage": 31.952662721893493,
  "retweets": 86,
  "retweetsPercentage": 50.887573964497044,
  "replies": 29,
  "repliesPercentage": 17.159763313609467,
  "retweeted": 40,
  "retweetedKpi": 0.74,
  "favorited": 90,
  "favoritedKpi": 1.67
}
