{
  "username": "vdv73rus",
  "tweets": 279,
  "ownTweets": 66,
  "ownTweetsPercentage": 23.655913978494624,
  "retweets": 173,
  "retweetsPercentage": 62.00716845878136,
  "replies": 40,
  "repliesPercentage": 14.336917562724015,
  "retweeted": 56,
  "retweetedKpi": 0.85,
  "favorited": 131,
  "favoritedKpi": 1.98
}
