{
  "username": "vdv73rus",
  "tweets": 367,
  "ownTweets": 89,
  "ownTweetsPercentage": 24.250681198910083,
  "retweets": 228,
  "retweetsPercentage": 62.12534059945504,
  "replies": 50,
  "repliesPercentage": 13.623978201634877,
  "retweeted": 71,
  "retweetedKpi": 0.8,
  "favorited": 200,
  "favoritedKpi": 2.25
}
