{
  "username": "vdv73rus",
  "tweets": 365,
  "ownTweets": 87,
  "ownTweetsPercentage": 23.835616438356166,
  "retweets": 228,
  "retweetsPercentage": 62.465753424657535,
  "replies": 50,
  "repliesPercentage": 13.698630136986301,
  "retweeted": 69,
  "retweetedKpi": 0.79,
  "favorited": 190,
  "favoritedKpi": 2.18
}
