{
  "username": "vdv73rus",
  "tweets": 78,
  "ownTweets": 24,
  "ownTweetsPercentage": 30.769230769230766,
  "retweets": 36,
  "retweetsPercentage": 46.15384615384615,
  "replies": 18,
  "repliesPercentage": 23.076923076923077,
  "retweeted": 26,
  "retweetedKpi": 1.08,
  "favorited": 52,
  "favoritedKpi": 2.17
}
