{
  "username": "vdv73rus",
  "tweets": 281,
  "ownTweets": 67,
  "ownTweetsPercentage": 23.843416370106763,
  "retweets": 173,
  "retweetsPercentage": 61.56583629893238,
  "replies": 41,
  "repliesPercentage": 14.590747330960854,
  "retweeted": 56,
  "retweetedKpi": 0.84,
  "favorited": 131,
  "favoritedKpi": 1.96
}
