{
  "username": "vdv73rus",
  "tweets": 287,
  "ownTweets": 68,
  "ownTweetsPercentage": 23.693379790940767,
  "retweets": 177,
  "retweetsPercentage": 61.67247386759582,
  "replies": 42,
  "repliesPercentage": 14.634146341463413,
  "retweeted": 56,
  "retweetedKpi": 0.82,
  "favorited": 131,
  "favoritedKpi": 1.93
}
