{
  "username": "vdv73rus",
  "tweets": 285,
  "ownTweets": 68,
  "ownTweetsPercentage": 23.859649122807017,
  "retweets": 175,
  "retweetsPercentage": 61.40350877192982,
  "replies": 42,
  "repliesPercentage": 14.736842105263158,
  "retweeted": 56,
  "retweetedKpi": 0.82,
  "favorited": 131,
  "favoritedKpi": 1.93
}
