{
  "username": "vdv73rus",
  "tweets": 242,
  "ownTweets": 61,
  "ownTweetsPercentage": 25.206611570247933,
  "retweets": 145,
  "retweetsPercentage": 59.917355371900825,
  "replies": 36,
  "repliesPercentage": 14.87603305785124,
  "retweeted": 51,
  "retweetedKpi": 0.84,
  "favorited": 108,
  "favoritedKpi": 1.77
}
