{
  "username": "vdv73rus",
  "tweets": 77,
  "ownTweets": 24,
  "ownTweetsPercentage": 31.16883116883117,
  "retweets": 35,
  "retweetsPercentage": 45.45454545454545,
  "replies": 18,
  "repliesPercentage": 23.376623376623375,
  "retweeted": 17,
  "retweetedKpi": 0.71,
  "favorited": 39,
  "favoritedKpi": 1.63
}
