{
  "username": "vdv73rus",
  "tweets": 314,
  "ownTweets": 75,
  "ownTweetsPercentage": 23.885350318471335,
  "retweets": 197,
  "retweetsPercentage": 62.738853503184714,
  "replies": 42,
  "repliesPercentage": 13.375796178343949,
  "retweeted": 60,
  "retweetedKpi": 0.8,
  "favorited": 158,
  "favoritedKpi": 2.11
}
