{
  "username": "vdv73rus",
  "tweets": 288,
  "ownTweets": 68,
  "ownTweetsPercentage": 23.61111111111111,
  "retweets": 178,
  "retweetsPercentage": 61.80555555555556,
  "replies": 42,
  "repliesPercentage": 14.583333333333334,
  "retweeted": 56,
  "retweetedKpi": 0.82,
  "favorited": 132,
  "favoritedKpi": 1.94
}
