{
  "username": "viatsko",
  "tweets": 261,
  "ownTweets": 173,
  "ownTweetsPercentage": 66.28352490421456,
  "retweets": 55,
  "retweetsPercentage": 21.072796934865902,
  "replies": 33,
  "repliesPercentage": 12.64367816091954,
  "retweeted": 32,
  "retweetedKpi": 0.18,
  "favorited": 271,
  "favoritedKpi": 1.57
}
