{
  "username": "viatsko",
  "tweets": 114,
  "ownTweets": 58,
  "ownTweetsPercentage": 50.877192982456144,
  "retweets": 31,
  "retweetsPercentage": 27.192982456140353,
  "replies": 25,
  "repliesPercentage": 21.92982456140351,
  "retweeted": 3,
  "retweetedKpi": 0.05,
  "favorited": 27,
  "favoritedKpi": 0.47
}
