{
  "username": "viatsko",
  "tweets": 101,
  "ownTweets": 47,
  "ownTweetsPercentage": 46.53465346534654,
  "retweets": 29,
  "retweetsPercentage": 28.712871287128714,
  "replies": 25,
  "repliesPercentage": 24.752475247524753,
  "retweeted": 2,
  "retweetedKpi": 0.04,
  "favorited": 20,
  "favoritedKpi": 0.43
}
