{
  "username": "viatsko",
  "tweets": 237,
  "ownTweets": 150,
  "ownTweetsPercentage": 63.291139240506325,
  "retweets": 54,
  "retweetsPercentage": 22.78481012658228,
  "replies": 33,
  "repliesPercentage": 13.924050632911392,
  "retweeted": 19,
  "retweetedKpi": 0.13,
  "favorited": 169,
  "favoritedKpi": 1.13
}
