{
  "username": "viatsko",
  "tweets": 167,
  "ownTweets": 107,
  "ownTweetsPercentage": 64.07185628742515,
  "retweets": 33,
  "retweetsPercentage": 19.76047904191617,
  "replies": 27,
  "repliesPercentage": 16.167664670658684,
  "retweeted": 7,
  "retweetedKpi": 0.07,
  "favorited": 96,
  "favoritedKpi": 0.9
}
