{
  "username": "viatsko",
  "tweets": 242,
  "ownTweets": 155,
  "ownTweetsPercentage": 64.0495867768595,
  "retweets": 54,
  "retweetsPercentage": 22.31404958677686,
  "replies": 33,
  "repliesPercentage": 13.636363636363637,
  "retweeted": 21,
  "retweetedKpi": 0.14,
  "favorited": 177,
  "favoritedKpi": 1.14
}
