{
  "username": "viatsko",
  "tweets": 213,
  "ownTweets": 132,
  "ownTweetsPercentage": 61.971830985915496,
  "retweets": 49,
  "retweetsPercentage": 23.004694835680752,
  "replies": 32,
  "repliesPercentage": 15.023474178403756,
  "retweeted": 14,
  "retweetedKpi": 0.11,
  "favorited": 138,
  "favoritedKpi": 1.05
}
